{
    "lat":24.8653,
    "lon":89.3606,
    "timezone":"Asia/Dhaka",
    "timezone_offset":21600,
    "current":{
       "dt":1655642483,
       "sunrise":1655594005,
       "sunset":1655643253,
       "temp":28.58,
       "feels_like":33.04,
       "pressure":1000,
       "humidity":77,
       "dew_point":24.15,
       "uvi":0,
       "clouds":21,
       "visibility":10000,
       "wind_speed":6.98,
       "wind_deg":133,
       "wind_gust":11.31,
       "weather":[
          {
             "id":801,
             "main":"Clouds",
             "description":"few clouds",
             "icon":"02d"
          }
       ]
    },
    "hourly":[
       {
          "dt":1655640000,
          "temp":28.86,
          "feels_like":33.55,
          "pressure":1000,
          "humidity":76,
          "dew_point":24.2,
          "uvi":0.16,
          "clouds":25,
          "visibility":10000,
          "wind_speed":5.41,
          "wind_deg":125,
          "wind_gust":7.89,
          "weather":[
             {
                "id":802,
                "main":"Clouds",
                "description":"scattered clouds",
                "icon":"03d"
             }
          ],
          "pop":0.25
       },
       {
          "dt":1655643600,
          "temp":28.58,
          "feels_like":33.04,
          "pressure":1000,
          "humidity":77,
          "dew_point":24.15,
          "uvi":0,
          "clouds":21,
          "visibility":10000,
          "wind_speed":6.98,
          "wind_deg":133,
          "wind_gust":11.31,
          "weather":[
             {
                "id":801,
                "main":"Clouds",
                "description":"few clouds",
                "icon":"02n"
             }
          ],
          "pop":0.58
       },
       {
          "dt":1655647200,
          "temp":28.47,
          "feels_like":32.94,
          "pressure":1000,
          "humidity":78,
          "dew_point":24.26,
          "uvi":0,
          "clouds":22,
          "visibility":10000,
          "wind_speed":6.63,
          "wind_deg":143,
          "wind_gust":11.29,
          "weather":[
             {
                "id":801,
                "main":"Clouds",
                "description":"few clouds",
                "icon":"02n"
             }
          ],
          "pop":0.73
       },
       {
          "dt":1655650800,
          "temp":28.16,
          "feels_like":32.5,
          "pressure":1001,
          "humidity":80,
          "dew_point":24.38,
          "uvi":0,
          "clouds":21,
          "visibility":10000,
          "wind_speed":5.15,
          "wind_deg":160,
          "wind_gust":10.33,
          "weather":[
             {
                "id":801,
                "main":"Clouds",
                "description":"few clouds",
                "icon":"02n"
             }
          ],
          "pop":0.8
       },
       {
          "dt":1655654400,
          "temp":27.7,
          "feels_like":31.64,
          "pressure":1001,
          "humidity":82,
          "dew_point":24.35,
          "uvi":0,
          "clouds":28,
          "visibility":7408,
          "wind_speed":3.68,
          "wind_deg":180,
          "wind_gust":8.24,
          "weather":[
             {
                "id":501,
                "main":"Rain",
                "description":"moderate rain",
                "icon":"10n"
             }
          ],
          "pop":1,
          "rain":{
             "1h":1.76
          }
       },
       {
          "dt":1655658000,
          "temp":27.28,
          "feels_like":30.71,
          "pressure":1002,
          "humidity":83,
          "dew_point":24.14,
          "uvi":0,
          "clouds":41,
          "visibility":10000,
          "wind_speed":3.77,
          "wind_deg":212,
          "wind_gust":8.42,
          "weather":[
             {
                "id":501,
                "main":"Rain",
                "description":"moderate rain",
                "icon":"10n"
             }
          ],
          "pop":1,
          "rain":{
             "1h":1.21
          }
       },
       {
          "dt":1655661600,
          "temp":26.51,
          "feels_like":26.51,
          "pressure":1002,
          "humidity":87,
          "dew_point":24.14,
          "uvi":0,
          "clouds":55,
          "visibility":10000,
          "wind_speed":2.19,
          "wind_deg":226,
          "wind_gust":5.1,
          "weather":[
             {
                "id":500,
                "main":"Rain",
                "description":"light rain",
                "icon":"10n"
             }
          ],
          "pop":1,
          "rain":{
             "1h":0.25
          }
       },
       {
          "dt":1655665200,
          "temp":26.33,
          "feels_like":26.33,
          "pressure":1002,
          "humidity":88,
          "dew_point":24.22,
          "uvi":0,
          "clouds":100,
          "visibility":10000,
          "wind_speed":1.37,
          "wind_deg":183,
          "wind_gust":2.28,
          "weather":[
             {
                "id":804,
                "main":"Clouds",
                "description":"overcast clouds",
                "icon":"04n"
             }
          ],
          "pop":0.47
       },
       {
          "dt":1655668800,
          "temp":25.95,
          "feels_like":25.95,
          "pressure":1001,
          "humidity":90,
          "dew_point":24.14,
          "uvi":0,
          "clouds":100,
          "visibility":10000,
          "wind_speed":3.02,
          "wind_deg":153,
          "wind_gust":4,
          "weather":[
             {
                "id":804,
                "main":"Clouds",
                "description":"overcast clouds",
                "icon":"04n"
             }
          ],
          "pop":0.48
       },
       {
          "dt":1655672400,
          "temp":25.7,
          "feels_like":26.68,
          "pressure":1001,
          "humidity":90,
          "dew_point":24.02,
          "uvi":0,
          "clouds":100,
          "visibility":10000,
          "wind_speed":2.97,
          "wind_deg":135,
          "wind_gust":4.1,
          "weather":[
             {
                "id":804,
                "main":"Clouds",
                "description":"overcast clouds",
                "icon":"04n"
             }
          ],
          "pop":0.41
       },
       {
          "dt":1655676000,
          "temp":25.35,
          "feels_like":26.34,
          "pressure":1001,
          "humidity":92,
          "dew_point":23.93,
          "uvi":0,
          "clouds":100,
          "visibility":10000,
          "wind_speed":2.88,
          "wind_deg":124,
          "wind_gust":4.28,
          "weather":[
             {
                "id":500,
                "main":"Rain",
                "description":"light rain",
                "icon":"10n"
             }
          ],
          "pop":0.57,
          "rain":{
             "1h":0.61
          }
       },
       {
          "dt":1655679600,
          "temp":25.12,
          "feels_like":26.12,
          "pressure":1001,
          "humidity":93,
          "dew_point":23.94,
          "uvi":0,
          "clouds":100,
          "visibility":10000,
          "wind_speed":3.13,
          "wind_deg":109,
          "wind_gust":4.9,
          "weather":[
             {
                "id":501,
                "main":"Rain",
                "description":"moderate rain",
                "icon":"10n"
             }
          ],
          "pop":0.8,
          "rain":{
             "1h":1.13
          }
       },
       {
          "dt":1655683200,
          "temp":24.97,
          "feels_like":26,
          "pressure":1001,
          "humidity":95,
          "dew_point":24.08,
          "uvi":0.09,
          "clouds":100,
          "visibility":10000,
          "wind_speed":3.78,
          "wind_deg":108,
          "wind_gust":5.76,
          "weather":[
             {
                "id":500,
                "main":"Rain",
                "description":"light rain",
                "icon":"10d"
             }
          ],
          "pop":0.84,
          "rain":{
             "1h":0.85
          }
       },
       {
          "dt":1655686800,
          "temp":25.26,
          "feels_like":26.3,
          "pressure":1002,
          "humidity":94,
          "dew_point":24.17,
          "uvi":0.95,
          "clouds":100,
          "visibility":10000,
          "wind_speed":4.58,
          "wind_deg":108,
          "wind_gust":6.14,
          "weather":[
             {
                "id":804,
                "main":"Clouds",
                "description":"overcast clouds",
                "icon":"04d"
             }
          ],
          "pop":0.75
       },
       {
          "dt":1655690400,
          "temp":25.88,
          "feels_like":26.9,
          "pressure":1002,
          "humidity":91,
          "dew_point":24.29,
          "uvi":2.6,
          "clouds":100,
          "visibility":10000,
          "wind_speed":5.48,
          "wind_deg":107,
          "wind_gust":6.29,
          "weather":[
             {
                "id":804,
                "main":"Clouds",
                "description":"overcast clouds",
                "icon":"04d"
             }
          ],
          "pop":0.69
       },
       {
          "dt":1655694000,
          "temp":26.61,
          "feels_like":26.61,
          "pressure":1003,
          "humidity":88,
          "dew_point":24.39,
          "uvi":5.05,
          "clouds":100,
          "visibility":10000,
          "wind_speed":5.66,
          "wind_deg":106,
          "wind_gust":5.96,
          "weather":[
             {
                "id":500,
                "main":"Rain",
                "description":"light rain",
                "icon":"10d"
             }
          ],
          "pop":0.6,
          "rain":{
             "1h":0.11
          }
       },
       {
          "dt":1655697600,
          "temp":26.89,
          "feels_like":30.14,
          "pressure":1003,
          "humidity":87,
          "dew_point":24.5,
          "uvi":7,
          "clouds":100,
          "visibility":10000,
          "wind_speed":5.75,
          "wind_deg":107,
          "wind_gust":6.1,
          "weather":[
             {
                "id":804,
                "main":"Clouds",
                "description":"overcast clouds",
                "icon":"04d"
             }
          ],
          "pop":0.53
       },
       {
          "dt":1655701200,
          "temp":27.79,
          "feels_like":32.01,
          "pressure":1002,
          "humidity":83,
          "dew_point":24.67,
          "uvi":8.9,
          "clouds":100,
          "visibility":10000,
          "wind_speed":5.1,
          "wind_deg":108,
          "wind_gust":5.31,
          "weather":[
             {
                "id":804,
                "main":"Clouds",
                "description":"overcast clouds",
                "icon":"04d"
             }
          ],
          "pop":0.6
       },
       {
          "dt":1655704800,
          "temp":28.93,
          "feels_like":34.34,
          "pressure":1002,
          "humidity":79,
          "dew_point":24.88,
          "uvi":9.66,
          "clouds":100,
          "visibility":10000,
          "wind_speed":4.85,
          "wind_deg":110,
          "wind_gust":5.05,
          "weather":[
             {
                "id":804,
                "main":"Clouds",
                "description":"overcast clouds",
                "icon":"04d"
             }
          ],
          "pop":0.65
       },
       {
          "dt":1655708400,
          "temp":29.77,
          "feels_like":35.93,
          "pressure":1001,
          "humidity":76,
          "dew_point":25.01,
          "uvi":10.22,
          "clouds":100,
          "visibility":10000,
          "wind_speed":4.85,
          "wind_deg":108,
          "wind_gust":4.9,
          "weather":[
             {
                "id":500,
                "main":"Rain",
                "description":"light rain",
                "icon":"10d"
             }
          ],
          "pop":0.59,
          "rain":{
             "1h":0.15
          }
       },
       {
          "dt":1655712000,
          "temp":30.3,
          "feels_like":36.58,
          "pressure":1000,
          "humidity":73,
          "dew_point":25.03,
          "uvi":8.23,
          "clouds":99,
          "visibility":10000,
          "wind_speed":4.78,
          "wind_deg":110,
          "wind_gust":5.04,
          "weather":[
             {
                "id":500,
                "main":"Rain",
                "description":"light rain",
                "icon":"10d"
             }
          ],
          "pop":0.57,
          "rain":{
             "1h":0.16
          }
       },
       {
          "dt":1655715600,
          "temp":31.08,
          "feels_like":37.51,
          "pressure":999,
          "humidity":69,
          "dew_point":24.84,
          "uvi":5.54,
          "clouds":99,
          "visibility":10000,
          "wind_speed":4.5,
          "wind_deg":119,
          "wind_gust":5.1,
          "weather":[
             {
                "id":804,
                "main":"Clouds",
                "description":"overcast clouds",
                "icon":"04d"
             }
          ],
          "pop":0.57
       },
       {
          "dt":1655719200,
          "temp":31.31,
          "feels_like":37.51,
          "pressure":998,
          "humidity":67,
          "dew_point":24.63,
          "uvi":2.85,
          "clouds":99,
          "visibility":10000,
          "wind_speed":4.65,
          "wind_deg":132,
          "wind_gust":5.26,
          "weather":[
             {
                "id":804,
                "main":"Clouds",
                "description":"overcast clouds",
                "icon":"04d"
             }
          ],
          "pop":0.57
       },
       {
          "dt":1655722800,
          "temp":30.48,
          "feels_like":36.79,
          "pressure":998,
          "humidity":72,
          "dew_point":24.87,
          "uvi":1.1,
          "clouds":99,
          "visibility":10000,
          "wind_speed":4.53,
          "wind_deg":140,
          "wind_gust":5.83,
          "weather":[
             {
                "id":500,
                "main":"Rain",
                "description":"light rain",
                "icon":"10d"
             }
          ],
          "pop":0.71,
          "rain":{
             "1h":0.3
          }
       },
       {
          "dt":1655726400,
          "temp":29.27,
          "feels_like":34.81,
          "pressure":998,
          "humidity":77,
          "dew_point":24.92,
          "uvi":0.24,
          "clouds":99,
          "visibility":10000,
          "wind_speed":4.14,
          "wind_deg":139,
          "wind_gust":6.86,
          "weather":[
             {
                "id":804,
                "main":"Clouds",
                "description":"overcast clouds",
                "icon":"04d"
             }
          ],
          "pop":0.85
       },
       {
          "dt":1655730000,
          "temp":27.87,
          "feels_like":32.22,
          "pressure":999,
          "humidity":83,
          "dew_point":24.76,
          "uvi":0,
          "clouds":56,
          "visibility":10000,
          "wind_speed":3.22,
          "wind_deg":148,
          "wind_gust":5.81,
          "weather":[
             {
                "id":500,
                "main":"Rain",
                "description":"light rain",
                "icon":"10n"
             }
          ],
          "pop":0.64,
          "rain":{
             "1h":0.21
          }
       },
       {
          "dt":1655733600,
          "temp":27.25,
          "feels_like":30.86,
          "pressure":1000,
          "humidity":85,
          "dew_point":24.54,
          "uvi":0,
          "clouds":68,
          "visibility":10000,
          "wind_speed":3.35,
          "wind_deg":141,
          "wind_gust":6.36,
          "weather":[
             {
                "id":500,
                "main":"Rain",
                "description":"light rain",
                "icon":"10n"
             }
          ],
          "pop":0.76,
          "rain":{
             "1h":0.2
          }
       },
       {
          "dt":1655737200,
          "temp":26.96,
          "feels_like":30.22,
          "pressure":1000,
          "humidity":86,
          "dew_point":24.43,
          "uvi":0,
          "clouds":73,
          "visibility":10000,
          "wind_speed":3.66,
          "wind_deg":139,
          "wind_gust":7.77,
          "weather":[
             {
                "id":500,
                "main":"Rain",
                "description":"light rain",
                "icon":"10n"
             }
          ],
          "pop":0.88,
          "rain":{
             "1h":0.29
          }
       },
       {
          "dt":1655740800,
          "temp":26.58,
          "feels_like":26.58,
          "pressure":1001,
          "humidity":88,
          "dew_point":24.38,
          "uvi":0,
          "clouds":73,
          "visibility":10000,
          "wind_speed":3.19,
          "wind_deg":139,
          "wind_gust":7.58,
          "weather":[
             {
                "id":501,
                "main":"Rain",
                "description":"moderate rain",
                "icon":"10n"
             }
          ],
          "pop":0.98,
          "rain":{
             "1h":1.07
          }
       },
       {
          "dt":1655744400,
          "temp":26.74,
          "feels_like":29.75,
          "pressure":1001,
          "humidity":87,
          "dew_point":24.41,
          "uvi":0,
          "clouds":72,
          "visibility":10000,
          "wind_speed":3.63,
          "wind_deg":135,
          "wind_gust":7.67,
          "weather":[
             {
                "id":500,
                "main":"Rain",
                "description":"light rain",
                "icon":"10n"
             }
          ],
          "pop":0.98,
          "rain":{
             "1h":0.35
          }
       },
       {
          "dt":1655748000,
          "temp":26.42,
          "feels_like":26.42,
          "pressure":1001,
          "humidity":89,
          "dew_point":24.45,
          "uvi":0,
          "clouds":70,
          "visibility":10000,
          "wind_speed":3.53,
          "wind_deg":152,
          "wind_gust":7.57,
          "weather":[
             {
                "id":500,
                "main":"Rain",
                "description":"light rain",
                "icon":"10n"
             }
          ],
          "pop":0.98,
          "rain":{
             "1h":0.46
          }
       },
       {
          "dt":1655751600,
          "temp":26.26,
          "feels_like":26.26,
          "pressure":1000,
          "humidity":90,
          "dew_point":24.51,
          "uvi":0,
          "clouds":90,
          "visibility":10000,
          "wind_speed":3.01,
          "wind_deg":151,
          "wind_gust":5.91,
          "weather":[
             {
                "id":500,
                "main":"Rain",
                "description":"light rain",
                "icon":"10n"
             }
          ],
          "pop":0.49,
          "rain":{
             "1h":0.14
          }
       },
       {
          "dt":1655755200,
          "temp":26.11,
          "feels_like":26.11,
          "pressure":999,
          "humidity":90,
          "dew_point":24.45,
          "uvi":0,
          "clouds":95,
          "visibility":10000,
          "wind_speed":3.08,
          "wind_deg":145,
          "wind_gust":5.24,
          "weather":[
             {
                "id":804,
                "main":"Clouds",
                "description":"overcast clouds",
                "icon":"04n"
             }
          ],
          "pop":0.49
       },
       {
          "dt":1655758800,
          "temp":25.96,
          "feels_like":25.96,
          "pressure":999,
          "humidity":90,
          "dew_point":24.26,
          "uvi":0,
          "clouds":96,
          "visibility":10000,
          "wind_speed":3.22,
          "wind_deg":143,
          "wind_gust":5.18,
          "weather":[
             {
                "id":804,
                "main":"Clouds",
                "description":"overcast clouds",
                "icon":"04n"
             }
          ],
          "pop":0.41
       },
       {
          "dt":1655762400,
          "temp":25.76,
          "feels_like":26.74,
          "pressure":999,
          "humidity":90,
          "dew_point":24.1,
          "uvi":0,
          "clouds":97,
          "visibility":10000,
          "wind_speed":2.9,
          "wind_deg":136,
          "wind_gust":4.67,
          "weather":[
             {
                "id":804,
                "main":"Clouds",
                "description":"overcast clouds",
                "icon":"04n"
             }
          ],
          "pop":0.46
       },
       {
          "dt":1655766000,
          "temp":25.57,
          "feels_like":26.56,
          "pressure":1000,
          "humidity":91,
          "dew_point":24.04,
          "uvi":0,
          "clouds":97,
          "visibility":10000,
          "wind_speed":3.25,
          "wind_deg":126,
          "wind_gust":5.11,
          "weather":[
             {
                "id":804,
                "main":"Clouds",
                "description":"overcast clouds",
                "icon":"04n"
             }
          ],
          "pop":0.46
       },
       {
          "dt":1655769600,
          "temp":25.71,
          "feels_like":26.71,
          "pressure":1000,
          "humidity":91,
          "dew_point":24.15,
          "uvi":0.09,
          "clouds":94,
          "visibility":10000,
          "wind_speed":3.61,
          "wind_deg":120,
          "wind_gust":5.74,
          "weather":[
             {
                "id":804,
                "main":"Clouds",
                "description":"overcast clouds",
                "icon":"04d"
             }
          ],
          "pop":0.48
       },
       {
          "dt":1655773200,
          "temp":26.73,
          "feels_like":29.72,
          "pressure":1001,
          "humidity":87,
          "dew_point":24.37,
          "uvi":0.26,
          "clouds":68,
          "visibility":10000,
          "wind_speed":4.49,
          "wind_deg":120,
          "wind_gust":5.75,
          "weather":[
             {
                "id":803,
                "main":"Clouds",
                "description":"broken clouds",
                "icon":"04d"
             }
          ],
          "pop":0.3
       },
       {
          "dt":1655776800,
          "temp":27.87,
          "feels_like":32.22,
          "pressure":1001,
          "humidity":83,
          "dew_point":24.66,
          "uvi":0.71,
          "clouds":64,
          "visibility":10000,
          "wind_speed":4.91,
          "wind_deg":118,
          "wind_gust":5.35,
          "weather":[
             {
                "id":803,
                "main":"Clouds",
                "description":"broken clouds",
                "icon":"04d"
             }
          ],
          "pop":0.32
       },
       {
          "dt":1655780400,
          "temp":28.88,
          "feels_like":34,
          "pressure":1002,
          "humidity":78,
          "dew_point":24.77,
          "uvi":1.38,
          "clouds":65,
          "visibility":10000,
          "wind_speed":5.45,
          "wind_deg":111,
          "wind_gust":5.64,
          "weather":[
             {
                "id":803,
                "main":"Clouds",
                "description":"broken clouds",
                "icon":"04d"
             }
          ],
          "pop":0.34
       },
       {
          "dt":1655784000,
          "temp":29.85,
          "feels_like":35.39,
          "pressure":1002,
          "humidity":73,
          "dew_point":24.63,
          "uvi":4.55,
          "clouds":67,
          "visibility":10000,
          "wind_speed":5.17,
          "wind_deg":119,
          "wind_gust":5.45,
          "weather":[
             {
                "id":803,
                "main":"Clouds",
                "description":"broken clouds",
                "icon":"04d"
             }
          ],
          "pop":0.33
       },
       {
          "dt":1655787600,
          "temp":30.94,
          "feels_like":36.85,
          "pressure":1001,
          "humidity":68,
          "dew_point":24.45,
          "uvi":5.78,
          "clouds":71,
          "visibility":10000,
          "wind_speed":4.96,
          "wind_deg":126,
          "wind_gust":5.31,
          "weather":[
             {
                "id":803,
                "main":"Clouds",
                "description":"broken clouds",
                "icon":"04d"
             }
          ],
          "pop":0.39
       },
       {
          "dt":1655791200,
          "temp":31.7,
          "feels_like":37.57,
          "pressure":1000,
          "humidity":64,
          "dew_point":24.12,
          "uvi":6.28,
          "clouds":73,
          "visibility":10000,
          "wind_speed":4.9,
          "wind_deg":130,
          "wind_gust":5.17,
          "weather":[
             {
                "id":500,
                "main":"Rain",
                "description":"light rain",
                "icon":"10d"
             }
          ],
          "pop":0.65,
          "rain":{
             "1h":0.44
          }
       },
       {
          "dt":1655794800,
          "temp":31.65,
          "feels_like":37.45,
          "pressure":1000,
          "humidity":64,
          "dew_point":24.12,
          "uvi":9.24,
          "clouds":88,
          "visibility":10000,
          "wind_speed":4.8,
          "wind_deg":131,
          "wind_gust":5.17,
          "weather":[
             {
                "id":501,
                "main":"Rain",
                "description":"moderate rain",
                "icon":"10d"
             }
          ],
          "pop":0.9,
          "rain":{
             "1h":1.25
          }
       },
       {
          "dt":1655798400,
          "temp":31.98,
          "feels_like":37.96,
          "pressure":999,
          "humidity":63,
          "dew_point":24.21,
          "uvi":7.44,
          "clouds":80,
          "visibility":10000,
          "wind_speed":4.61,
          "wind_deg":138,
          "wind_gust":5.03,
          "weather":[
             {
                "id":501,
                "main":"Rain",
                "description":"moderate rain",
                "icon":"10d"
             }
          ],
          "pop":0.96,
          "rain":{
             "1h":1.45
          }
       },
       {
          "dt":1655802000,
          "temp":31.85,
          "feels_like":37.95,
          "pressure":998,
          "humidity":64,
          "dew_point":24.2,
          "uvi":5.01,
          "clouds":81,
          "visibility":10000,
          "wind_speed":4.88,
          "wind_deg":144,
          "wind_gust":5.34,
          "weather":[
             {
                "id":501,
                "main":"Rain",
                "description":"moderate rain",
                "icon":"10d"
             }
          ],
          "pop":0.94,
          "rain":{
             "1h":1.39
          }
       },
       {
          "dt":1655805600,
          "temp":31.71,
          "feels_like":37.6,
          "pressure":998,
          "humidity":64,
          "dew_point":24.21,
          "uvi":3.26,
          "clouds":79,
          "visibility":10000,
          "wind_speed":5.14,
          "wind_deg":148,
          "wind_gust":5.61,
          "weather":[
             {
                "id":501,
                "main":"Rain",
                "description":"moderate rain",
                "icon":"10d"
             }
          ],
          "pop":0.96,
          "rain":{
             "1h":1.06
          }
       },
       {
          "dt":1655809200,
          "temp":31.17,
          "feels_like":37.15,
          "pressure":998,
          "humidity":67,
          "dew_point":24.34,
          "uvi":1.25,
          "clouds":78,
          "visibility":10000,
          "wind_speed":5.02,
          "wind_deg":148,
          "wind_gust":5.74,
          "weather":[
             {
                "id":500,
                "main":"Rain",
                "description":"light rain",
                "icon":"10d"
             }
          ],
          "pop":0.96,
          "rain":{
             "1h":0.57
          }
       }
    ],
    "daily":[
       {
          "dt":1655618400,
          "sunrise":1655594005,
          "sunset":1655643253,
          "moonrise":1655659860,
          "moonset":1655611860,
          "moon_phase":0.68,
          "temp":{
             "day":29.23,
             "min":25.34,
             "max":30.99,
             "night":27.28,
             "eve":28.86,
             "morn":25.35
          },
          "feels_like":{
             "day":33.85,
             "night":30.71,
             "eve":33.55,
             "morn":26.34
          },
          "pressure":1004,
          "humidity":73,
          "dew_point":23.91,
          "wind_speed":6.98,
          "wind_deg":133,
          "wind_gust":11.31,
          "weather":[
             {
                "id":501,
                "main":"Rain",
                "description":"moderate rain",
                "icon":"10d"
             }
          ],
          "clouds":87,
          "pop":1,
          "rain":11.32,
          "uvi":10.57
       },
       {
          "dt":1655704800,
          "sunrise":1655680416,
          "sunset":1655729667,
          "moonrise":0,
          "moonset":1655701920,
          "moon_phase":0.72,
          "temp":{
             "day":28.93,
             "min":24.97,
             "max":31.31,
             "night":26.74,
             "eve":29.27,
             "morn":24.97
          },
          "feels_like":{
             "day":34.34,
             "night":29.75,
             "eve":34.81,
             "morn":26
          },
          "pressure":1002,
          "humidity":79,
          "dew_point":24.88,
          "wind_speed":5.75,
          "wind_deg":107,
          "wind_gust":7.77,
          "weather":[
             {
                "id":501,
                "main":"Rain",
                "description":"moderate rain",
                "icon":"10d"
             }
          ],
          "clouds":100,
          "pop":1,
          "rain":5.68,
          "uvi":10.22
       },
       {
          "dt":1655791200,
          "sunrise":1655766827,
          "sunset":1655816080,
          "moonrise":1655748360,
          "moonset":1655791800,
          "moon_phase":0.75,
          "temp":{
             "day":31.7,
             "min":25.57,
             "max":31.98,
             "night":27.42,
             "eve":30.36,
             "morn":25.71
          },
          "feels_like":{
             "day":37.57,
             "night":30.94,
             "eve":36.2,
             "morn":26.71
          },
          "pressure":1000,
          "humidity":64,
          "dew_point":24.12,
          "wind_speed":5.45,
          "wind_deg":111,
          "wind_gust":8.9,
          "weather":[
             {
                "id":501,
                "main":"Rain",
                "description":"moderate rain",
                "icon":"10d"
             }
          ],
          "clouds":73,
          "pop":0.98,
          "rain":7.2,
          "uvi":9.24
       },
       {
          "dt":1655877600,
          "sunrise":1655853239,
          "sunset":1655902493,
          "moonrise":1655836740,
          "moonset":1655881500,
          "moon_phase":0.79,
          "temp":{
             "day":32.38,
             "min":25.85,
             "max":32.92,
             "night":28.31,
             "eve":30.84,
             "morn":26.23
          },
          "feels_like":{
             "day":37.98,
             "night":32.89,
             "eve":37.17,
             "morn":26.23
          },
          "pressure":1003,
          "humidity":60,
          "dew_point":23.75,
          "wind_speed":5.39,
          "wind_deg":124,
          "wind_gust":9.02,
          "weather":[
             {
                "id":501,
                "main":"Rain",
                "description":"moderate rain",
                "icon":"10d"
             }
          ],
          "clouds":48,
          "pop":0.96,
          "rain":5.98,
          "uvi":10.47
       },
       {
          "dt":1655964000,
          "sunrise":1655939652,
          "sunset":1655988904,
          "moonrise":1655925060,
          "moonset":1655971140,
          "moon_phase":0.82,
          "temp":{
             "day":32.56,
             "min":26.27,
             "max":32.99,
             "night":28.58,
             "eve":30.36,
             "morn":26.27
          },
          "feels_like":{
             "day":38.42,
             "night":33.22,
             "eve":36.47,
             "morn":26.27
          },
          "pressure":1003,
          "humidity":60,
          "dew_point":23.74,
          "wind_speed":5.08,
          "wind_deg":168,
          "wind_gust":10.26,
          "weather":[
             {
                "id":501,
                "main":"Rain",
                "description":"moderate rain",
                "icon":"10d"
             }
          ],
          "clouds":94,
          "pop":0.99,
          "rain":9.7,
          "uvi":10.41
       },
       {
          "dt":1656050400,
          "sunrise":1656026066,
          "sunset":1656075314,
          "moonrise":1656013380,
          "moonset":1656060780,
          "moon_phase":0.85,
          "temp":{
             "day":32.02,
             "min":26.39,
             "max":32.48,
             "night":27.67,
             "eve":29.78,
             "morn":26.39
          },
          "feels_like":{
             "day":38.06,
             "night":31.7,
             "eve":35.95,
             "morn":26.39
          },
          "pressure":1002,
          "humidity":63,
          "dew_point":24.14,
          "wind_speed":5.63,
          "wind_deg":141,
          "wind_gust":11.04,
          "weather":[
             {
                "id":501,
                "main":"Rain",
                "description":"moderate rain",
                "icon":"10d"
             }
          ],
          "clouds":100,
          "pop":1,
          "rain":12.74,
          "uvi":11
       },
       {
          "dt":1656136800,
          "sunrise":1656112481,
          "sunset":1656161723,
          "moonrise":1656101820,
          "moonset":1656150480,
          "moon_phase":0.88,
          "temp":{
             "day":30.29,
             "min":25.95,
             "max":30.9,
             "night":26.29,
             "eve":28.12,
             "morn":26.02
          },
          "feels_like":{
             "day":35.5,
             "night":26.29,
             "eve":32.08,
             "morn":26.02
          },
          "pressure":1002,
          "humidity":69,
          "dew_point":24,
          "wind_speed":7.69,
          "wind_deg":148,
          "wind_gust":10.98,
          "weather":[
             {
                "id":500,
                "main":"Rain",
                "description":"light rain",
                "icon":"10d"
             }
          ],
          "clouds":100,
          "pop":0.97,
          "rain":7,
          "uvi":11
       },
       {
          "dt":1656223200,
          "sunrise":1656198897,
          "sunset":1656248131,
          "moonrise":1656190380,
          "moonset":1656240120,
          "moon_phase":0.91,
          "temp":{
             "day":28.82,
             "min":25.53,
             "max":30.72,
             "night":27.73,
             "eve":30.63,
             "morn":25.59
          },
          "feels_like":{
             "day":32.88,
             "night":31.3,
             "eve":35.29,
             "morn":26.58
          },
          "pressure":1004,
          "humidity":73,
          "dew_point":23.58,
          "wind_speed":4.37,
          "wind_deg":139,
          "wind_gust":7.52,
          "weather":[
             {
                "id":500,
                "main":"Rain",
                "description":"light rain",
                "icon":"10d"
             }
          ],
          "clouds":100,
          "pop":0.35,
          "rain":0.19,
          "uvi":11
       }
    ]
 }